Carrier,Sum of Number of Location Assets,Policy Begin Date,Policy End Date,Product Type,Program Name,ZipCode of Assets,State of Assets,Premium per Asset,Dwelling Limit,Dwelling Deductible
AegisShield Insurance,1,30/09/2023 00:00,30/09/2024 00:00,Commercial Property Policy,Freddie Mac | Multi-Family,33147,FL,44301,2200000,10000
ApexSafe Insurance,1,24/04/2023 00:00,24/04/2024 00:00,Commercial Property Policy,Freddie Mac | Multi-Family,33401,FL,227743.5,23111735,25000
ApexTrust Insurance,1,01/12/2024 00:00,01/12/2025 00:00,Business Owners Package (BOP) Policy,Freddie Mac | Multi-Family,27408,NC,30176,7400000,25000
Ascend Assurance,1,10/10/2022 00:00,10/10/2023 00:00,Business Owners Package (BOP) Policy,Freddie Mac | Multi-Family,40047,KY,12136.32,5100000,2500
BrightGuard Insurance,1,26/08/2022 00:00,26/08/2023 00:00,Commercial Property Policy,Freddie Mac | Multi-Family,77017,TX,19750,2404336,10000
BrightLine Insurance,1,15/12/2022 00:00,15/12/2023 00:00,Commercial Property Policy,Freddie Mac | Multi-Family,75224,TX,28682,3250000,25000
BrightLine Insurance,1,12/01/2023 00:00,12/01/2024 00:00,Commercial Property Policy,Freddie Mac | Multi-Family,43201,OH,69876,500000000,50000
BrightLine Insurance,1,29/02/2024 00:00,28/02/2025 00:00,Commercial Property Policy,Freddie Mac | Multi-Family,45140,OH,84069.455,38057260,25000
BrightLine Insurance,1,15/05/2024 00:00,15/05/2025 00:00,Commercial Property Policy,Freddie Mac | Multi-Family,78413,TX,116219.82,13444080,100000
BrightLine Insurance,1,15/05/2024 00:00,15/05/2025 00:00,Commercial Property Policy,Freddie Mac | Multi-Family,78413,TX,116219.82,13444080,100000
BrightLine Insurance,1,15/05/2024 00:00,15/05/2025 00:00,Commercial Property Policy,Freddie Mac | Multi-Family,78413,TX,116219.82,11193889,100000
BrightLine Insurance,1,15/05/2024 00:00,15/05/2025 00:00,Commercial Property Policy,Freddie Mac | Multi-Family,78413,TX,116219.82,11193889,100000
BrightLine Insurance,1,27/05/2024 00:00,27/05/2025 00:00,Commercial Property Policy,Freddie Mac | Multi-Family,78413,TX,121500,13444080,100000
BrightLine Insurance,1,27/05/2024 00:00,27/05/2025 00:00,Commercial Property Policy,Freddie Mac | Multi-Family,78413,TX,121500,13444080,100000
BrightLine Insurance,1,27/05/2024 00:00,27/05/2025 00:00,Commercial Property Policy,Freddie Mac | Multi-Family,78413,TX,121500,11193889,100000
BrightLine Insurance,1,27/05/2024 00:00,27/05/2025 00:00,Commercial Property Policy,Freddie Mac | Multi-Family,78413,TX,121500,11193889,100000
BrightSafe Insurance,1,28/12/2023 00:00,28/12/2024 00:00,General Commercial Package Policy,Freddie Mac | Multi-Family,76541,TX,30430.07567,2100000,2500
CoralShield Insurance,1,28/12/2022 00:00,28/12/2023 00:00,General Commercial Package Policy,Freddie Mac | Multi-Family,46410,IN,107244,54173000,10000
CoralShield Insurance,1,11/01/2023 00:00,11/01/2024 00:00,General Commercial Package Policy,Freddie Mac | Multi-Family,20743,MD,17463,119974941,25000
CoralShield Insurance,1,13/06/2023 00:00,13/06/2024 00:00,General Commercial Package Policy,Freddie Mac | Multi-Family,7701,NJ,45674,24000000,5000
CoralShield Insurance,3,18/08/2023 00:00,18/08/2024 00:00,General Commercial Package Policy,Freddie Mac | Multi-Family,44714,OH,20193,14179187,50000
CoralShield Insurance,3,18/08/2023 00:00,18/08/2024 00:00,General Commercial Package Policy,Freddie Mac | Multi-Family,44718,OH,30178,22044799,50000
CrestGuard Assurance,1,20/08/2023 00:00,20/08/2024 00:00,General Commercial Package Policy,Freddie Mac | Multi-Family | SBL,55410,MN,23904,8044460,10000
CrestGuard Assurance,1,06/08/2024 00:00,06/08/2025 00:00,General Commercial Package Policy,Freddie Mac | Multi-Family,87112,NM,23904,5307333,5000
CrestSafe Assurance,1,04/08/2024 00:00,04/08/2025 00:00,Commercial Property Policy,Freddie Mac | Multi-Family,20032,DC,101425.8878,3550000,10000
CrestSafe Assurance,1,04/08/2024 00:00,04/08/2025 00:00,General Commercial Package Policy,Freddie Mac | Multi-Family,20032,DC,26038.56,3550000,10000
CrestShield Insurance,1,19/04/2024 00:00,19/04/2025 00:00,Commercial Property Policy,Freddie Mac | Multi-Family,95811,CA,148967.16,46470854,50000
DiamondGuard Assurance,1,24/04/2024 00:00,24/04/2025 00:00,Commercial Property Policy,Freddie Mac | Multi-Family,45211,OH,101425.8878,2553600,10000
DiamondShield Insurance,1,26/04/2022 00:00,26/04/2023 00:00,Business Owners Package (BOP) Policy,Freddie Mac | Multi-Family,43235,OH,7810,2845700,25000
EliteShield Insurance,1,19/09/2023 00:00,19/09/2024 00:00,Commercial Property Policy,Freddie Mac | Multi-Family,78724,TX,154553,34084262,25000
Equinox Guard,1,09/01/2022 00:00,09/01/2023 00:00,General Commercial Package Policy,Freddie Mac | Multi-Family,21231,MD,7362,1725000,10000
EquinoxGuard Assurance,1,25/04/2024 00:00,25/04/2025 00:00,General Commercial Package Policy,Freddie Mac | Multi-Family,7024,NJ,68717,28416000,5000
EquinoxSafe Insurance,1,04/01/2024 00:00,04/01/2025 00:00,Commercial Property Policy,Freddie Mac | Multi-Family,7712,NJ,42702,193000000,10000
EquinoxShield Insurance,1,04/01/2024 00:00,04/01/2025 00:00,Commercial Property Policy,Freddie Mac | Multi-Family,70360,LA,250865,9888585,100000
EverBright Assurance,1,05/08/2023 00:00,05/08/2024 00:00,General Commercial Package Policy,Freddie Mac | Multi-Family,19144,PA,62206.86,5580000,100000
EverGuard Assurance,1,28/05/2024 00:00,28/05/2025 00:00,General Commercial Package Policy,Freddie Mac | Multi-Family,20763,MD,30430.07567,148822390,50000
EverSafe Insurance,1,02/07/2024 00:00,02/07/2025 00:00,General Commercial Package Policy,Freddie Mac | Multi-Family,94803,CA,9527,143869000,25000
EverSafe Insurance,1,02/07/2024 00:00,02/07/2025 00:00,General Commercial Package Policy,Freddie Mac | Multi-Family,95660,CA,23968,143869000,25000
EverTrust Insurance,1,11/08/2022 00:00,11/08/2023 00:00,General Commercial Package Policy,Freddie Mac | Multi-Family,92020,CA,10269.6,4717648,2500
Frontier Assurance,1,11/03/2021 00:00,11/03/2022 00:00,Commercial Property Policy,Freddie Mac | Multi-Family,55408,MN,10889,6641700,15000
Frontier Assurance,1,11/03/2021 00:00,11/03/2022 00:00,Commercial Property Policy,Freddie Mac | Multi-Family,55408,MN,10889,6664200,15000
Frontier Assurance,1,11/03/2021 00:00,11/03/2022 00:00,Commercial Property Policy,Freddie Mac | Multi-Family,55408,MN,11784,6641700,15000
Frontier Assurance,1,11/03/2021 00:00,11/03/2022 00:00,Commercial Property Policy,Freddie Mac | Multi-Family,55408,MN,11784,6664200,15000
Frontier Assurance,1,10/01/2023 00:00,10/01/2024 00:00,General Commercial Package Policy,Freddie Mac | Multi-Family,30909,GA,23231.74,39056300,50000
Frontier Assurance,1,21/04/2023 00:00,21/04/2024 00:00,General Commercial Package Policy,Freddie Mac | Multi-Family,20912,MD,51908.7,34870000,10000
Frontier Assurance,1,28/10/2023 00:00,28/10/2024 00:00,General Commercial Package Policy,Freddie Mac | Multi-Family | SBL,98002,WA,23231.74,5707800,10000
Frontier Assurance,1,30/11/2023 00:00,30/11/2024 00:00,General Commercial Package Policy,Freddie Mac | Multi-Family,43214,OH,35386,8333000,10000
Frontier Assurance,1,15/03/2024 00:00,15/03/2025 00:00,General Commercial Package Policy,Freddie Mac | Multi-Family,97005,OR,10358,5957000,10000
Frontier Assurance,1,15/03/2024 00:00,15/03/2025 00:00,General Commercial Package Policy,Freddie Mac | Multi-Family,99201,WA,6333,2386000,10000
Frontier Assurance,1,17/07/2024 00:00,17/07/2025 00:00,General Commercial Package Policy,Freddie Mac | Multi-Family,45211,OH,12173,2959200,15000
FrontierGuard Insurance,1,07/01/2023 00:00,07/01/2024 00:00,General Commercial Package Policy,Freddie Mac | Multi-Family,53223,WI,29458,305450552,10000
GenesisGuard Insurance,1,14/03/2023 00:00,14/03/2024 00:00,Business Owners Package (BOP) Policy,Freddie Mac | Multi-Family,90044,CA,5431,2388056,1000
GenesisGuard Insurance,1,14/03/2023 00:00,14/03/2024 00:00,Business Owners Package (BOP) Policy,Freddie Mac | Multi-Family,90044,CA,5431,2388056,1000
GenesisGuard Insurance,1,14/03/2023 00:00,14/03/2024 00:00,Business Owners Package (BOP) Policy,Freddie Mac | Multi-Family,90044,CA,5431,2388056,1000
GenesisGuard Insurance,1,14/03/2023 00:00,14/03/2024 00:00,Business Owners Package (BOP) Policy,Freddie Mac | Multi-Family,90044,CA,5431,2388056,1000
GenesisGuard Insurance,1,14/03/2024 00:00,14/03/2025 00:00,Business Owners Package (BOP) Policy,Freddie Mac | Multi-Family,90044,CA,9573,2388056,1000
GenesisGuard Insurance,1,14/03/2024 00:00,14/03/2025 00:00,Business Owners Package (BOP) Policy,Freddie Mac | Multi-Family,90044,CA,9573,2388056,1000
GenesisGuard Insurance,1,14/03/2024 00:00,14/03/2025 00:00,Business Owners Package (BOP) Policy,Freddie Mac | Multi-Family,90044,CA,9573,2388056,1000
GenesisGuard Insurance,1,14/03/2024 00:00,14/03/2025 00:00,Business Owners Package (BOP) Policy,Freddie Mac | Multi-Family,90044,CA,9573,2388056,1000
GenesisGuard Insurance,1,26/09/2023 00:00,26/09/2024 00:00,Business Owners Package (BOP) Policy,Freddie Mac | Multi-Family | SBL,90280,CA,5124,2050500,25000
GenesisGuard Insurance,1,08/02/2023 00:00,08/02/2025 00:00,General Commercial Package Policy,Freddie Mac | Multi-Family | SBL,90404,CA,30430.07567,1620300,25000
GenesisSafe Insurance,1,22/04/2024 00:00,22/04/2025 00:00,General Commercial Package Policy,Freddie Mac | Multi-Family,78046,TX,51948,6495817,10000
GenesisShield Insurance,1,18/05/2023 00:00,18/05/2024 00:00,Business Owners Package (BOP) Policy,Freddie Mac | Multi-Family,40258,KY,58544,32059727,10000
GlobalGuard Insurance,1,13/03/2024 00:00,13/03/2025 00:00,Commercial Property Policy,Freddie Mac | Multi-Family,94102,CA,87302,350000000,100000
GuardianTrust Insurance,1,06/04/2023 00:00,06/04/2024 00:00,General Commercial Package Policy,Freddie Mac | Multi-Family,90043,CA,10731.44,1512000,5000
GuardianTrust Insurance,1,02/03/2024 00:00,02/03/2025 00:00,Commercial Property Policy,Freddie Mac | Multi-Family,28105,NC,152836,300000000,25000
GuardianTrust Insurance,1,03/05/2024 00:00,03/05/2025 00:00,General Commercial Package Policy,Freddie Mac | Multi-Family,90022,CA,11807,1130000,2500
GuardianTrust Insurance,1,07/05/2024 00:00,07/05/2025 00:00,General Commercial Package Policy,Freddie Mac | Multi-Family,90057,CA,9501.813333,881732,5000
GuardianTrust Insurance,1,07/05/2024 00:00,07/05/2025 00:00,General Commercial Package Policy,Freddie Mac | Multi-Family,90057,CA,9501.813333,881732,5000
GuardianTrust Insurance,1,07/05/2024 00:00,07/05/2025 00:00,General Commercial Package Policy,Freddie Mac | Multi-Family,90057,CA,9501.813333,979020,5000
GuardianTrust Insurance,1,07/05/2024 00:00,07/05/2025 00:00,General Commercial Package Policy,Freddie Mac | Multi-Family,90057,CA,9501.813333,979020,5000
GuardianTrust Insurance,1,27/06/2024 00:00,27/06/2025 00:00,General Commercial Package Policy,Freddie Mac | Multi-Family,90057,CA,5967,881732,5000
GuardianTrust Insurance,1,27/06/2024 00:00,27/06/2025 00:00,General Commercial Package Policy,Freddie Mac | Multi-Family,90057,CA,5967,881732,5000
GuardianTrust Insurance,1,27/06/2024 00:00,27/06/2025 00:00,General Commercial Package Policy,Freddie Mac | Multi-Family,90057,CA,5967,979020,5000
GuardianTrust Insurance,1,27/06/2024 00:00,27/06/2025 00:00,General Commercial Package Policy,Freddie Mac | Multi-Family,90057,CA,5967,979020,5000
GuardianTrust Insurance,1,15/05/2024 00:00,15/05/2025 00:00,Commercial Property Policy,Freddie Mac | Multi-Family,53562,WI,91709.05,200000000,25000
GuardianTrust Insurance,1,15/05/2024 00:00,15/05/2025 00:00,Commercial Property Policy,Freddie Mac | Multi-Family,53714,WI,155626.2,200000000,25000
GuardianTrust Insurance,1,15/05/2024 00:00,15/05/2025 00:00,Commercial Property Policy,Freddie Mac | Multi-Family,53132,WI,106767,200000000,100000
GuardianTrust Insurance,1,01/09/2024 00:00,01/09/2025 00:00,General Commercial Package Policy,Freddie Mac | Multi-Family,90302,CA,9501.813333,1133240,5000
HeritageGuard Assurance,1,30/09/2023 00:00,30/09/2024 00:00,Commercial Property Policy,Freddie Mac | Multi-Family,21201,MD,135076,78238466,10000
HeritageGuard Insurance,1,15/05/2023 00:00,15/05/2024 00:00,Commercial Property Policy,Freddie Mac | Multi-Family,27614,NC,197833.67,700000000,100000
HeritageGuard Insurance,1,31/01/2024 00:00,31/01/2025 00:00,Commercial Property Policy,Freddie Mac | Multi-Family,77084,TX,430844.35,44327174,100000
HeritageSafe Assurance,1,04/01/2023 00:00,04/01/2024 00:00,General Commercial Package Policy,Freddie Mac | Multi-Family | SBL,90660,CA,3803,2340000,10000
HorizonGuard Insurance,1,15/05/2022 00:00,15/05/2023 00:00,Commercial Property Policy,Freddie Mac | Multi-Family,75041,TX,17463,2454800,50000
HorizonGuard Insurance,1,23/07/2022 00:00,23/07/2023 00:00,Commercial Property Policy,Freddie Mac | Multi-Family,7065,NJ,251004.0809,1523772,2500
HorizonGuard Insurance,1,05/09/2022 00:00,05/09/2023 00:00,Commercial Property Policy,Freddie Mac | Multi-Family,33060,FL,251004.0809,3050000,25000
HorizonGuard Insurance,1,04/01/2023 00:00,04/01/2024 00:00,Commercial Property Policy,Freddie Mac | Multi-Family,33032,FL,150132,24200000,25000
HorizonGuard Insurance,1,09/01/2023 00:00,09/01/2024 00:00,Commercial Property Policy,Freddie Mac | Multi-Family,85019,AZ,269091,201941729,25000
HorizonGuard Insurance,1,09/01/2023 00:00,09/01/2024 00:00,Commercial Property Policy,Freddie Mac | Multi-Family,85019,AZ,269091.05,201941729,25000
HorizonGuard Insurance,1,12/01/2023 00:00,12/01/2024 00:00,Commercial Property Policy,Freddie Mac | Multi-Family,19107,PA,58705,200000000,100000
HorizonGuard Insurance,1,29/03/2023 00:00,29/03/2024 00:00,Commercial Property Policy,Freddie Mac | Multi-Family,70119,LA,863828,63969000,25000
HorizonGuard Insurance,1,15/05/2023 00:00,15/05/2024 00:00,Commercial Property Policy,Freddie Mac | Multi-Family,32708,FL,460761,43700000,50000
HorizonGuard Insurance,1,31/05/2023 00:00,31/05/2024 00:00,Commercial Property Policy,Freddie Mac | Multi-Family,11735,NY,318269,48350000,250000
HorizonGuard Insurance,1,30/06/2023 00:00,30/06/2024 00:00,Commercial Property Policy,Freddie Mac | Multi-Family,43604,OH,89458,30800000,25000
HorizonGuard Insurance,1,12/08/2023 00:00,12/08/2024 00:00,Commercial Property Policy,Freddie Mac | Multi-Family,2911,RI,13231.84,2250000,5000
HorizonGuard Insurance,1,07/01/2024 00:00,07/01/2025 00:00,Commercial Property Policy,Freddie Mac | Multi-Family,64132,MO,251004.0809,150000000,100000
HorizonGuard Insurance,1,31/03/2024 00:00,31/03/2025 00:00,Commercial Property Policy,Freddie Mac | Multi-Family,32801,FL,251004.0809,77000000,50000
HorizonGuard Insurance,1,31/03/2024 00:00,31/03/2025 00:00,Terrorism Package Policy,Freddie Mac | Multi-Family,46075,IN,5280,29800000,10000
HorizonGuard Insurance,1,31/05/2024 00:00,31/05/2025 00:00,Commercial Property Policy,Freddie Mac | Multi-Family,38016,TN,251015,150000000,25000
InfinityShield Insurance,1,07/09/2024 00:00,07/09/2025 00:00,Commercial Property Policy,Freddie Mac | Multi-Family,90057,CA,5967,1086667,5000
LegacySafe Assurance,1,05/01/2023 00:00,05/01/2024 00:00,Commercial Property Policy,Freddie Mac | Multi-Family,29201,SC,205954.41,43459750,25000
LegacySafe Assurance,1,16/09/2023 00:00,16/09/2024 00:00,Commercial Property Policy,Freddie Mac | Multi-Family,43232,OH,205954.41,57035088,100000
LegacyShield Insurance,1,20/10/2021 00:00,20/10/2022 00:00,General Commercial Package Policy,Freddie Mac | Multi-Family,75206,TX,14787,2945200,1000
LegacyShield Insurance,1,22/05/2024 00:00,22/05/2025 00:00,General Commercial Package Policy,Freddie Mac | Multi-Family,77017,TX,14787,7525200,25000
LibertyGuard Insurance,1,05/08/2023 00:00,05/08/2024 00:00,Commercial Property Policy,Freddie Mac | Multi-Family,7501,NJ,59827.31,6000000,100000
LibertyGuard Insurance,1,05/08/2023 00:00,05/08/2024 00:00,Commercial Property Policy,Freddie Mac | Multi-Family,7104,NJ,54708.83,7900000,100000
LibertyGuard Insurance,1,05/08/2023 00:00,05/08/2024 00:00,General Commercial Package Policy,Freddie Mac | Multi-Family,21213,MD,333482.24,37711295,100000
LibertyGuard Insurance,1,05/08/2023 00:00,05/08/2024 00:00,General Commercial Package Policy,Freddie Mac | Multi-Family,7111,NJ,31610.67,5600000,100000
LibertyGuard Insurance,1,05/08/2023 00:00,05/08/2024 00:00,General Commercial Package Policy,Freddie Mac | Multi-Family,7114,NJ,182546.455,32219400,100000
LibertyGuard Insurance,1,05/08/2023 00:00,05/08/2024 00:00,General Commercial Package Policy,Freddie Mac | Multi-Family,10453,NY,182546.455,15900000,100000
LibertySafe Assurance,1,07/09/2024 00:00,07/09/2025 00:00,Commercial Property Policy,Freddie Mac | Multi-Family,90057,CA,5762.12,950000,5000
LibertyShield Insurance,1,04/01/2024 00:00,04/01/2025 00:00,Commercial Property Policy,Freddie Mac | Multi-Family,20653,MD,43251,450000000,250000
LibertyShield Insurance,1,04/01/2024 00:00,04/01/2025 00:00,Commercial Property Policy,Freddie Mac | Multi-Family,21061,MD,55295,450000000,250000
LibertyShield Insurance,1,04/01/2024 00:00,04/01/2025 00:00,Commercial Property Policy,Freddie Mac | Multi-Family,21228,MD,53275,450000000,250000
LibertyShield Insurance,1,04/01/2024 00:00,04/01/2025 00:00,Commercial Property Policy,Freddie Mac | Multi-Family,21236,MD,66759,450000000,250000
LibertyShield Insurance,1,04/01/2024 00:00,04/01/2025 00:00,Commercial Property Policy,Freddie Mac | Multi-Family,28314,NC,43969.11111,26233200,250000
LibertyShield Insurance,1,04/01/2024 00:00,04/01/2025 00:00,Commercial Property Policy,Freddie Mac | Multi-Family,27529,NC,29094,450000000,250000
LibertyShield Insurance,1,04/01/2024 00:00,04/01/2025 00:00,Commercial Property Policy,Freddie Mac | Multi-Family,27616,NC,40288,450000000,250000
LibertyShield Insurance,1,04/01/2024 00:00,04/01/2025 00:00,Commercial Property Policy,Freddie Mac | Multi-Family,17408,PA,36790,450000000,250000
LibertyShield Insurance,1,04/01/2024 00:00,04/01/2025 00:00,Commercial Property Policy,Freddie Mac | Multi-Family,29072,SC,29043,450000000,250000
LibertyShield Insurance,1,04/01/2024 00:00,04/01/2025 00:00,Commercial Property Policy,Freddie Mac | Multi-Family,29732,SC,41927,450000000,250000
LibertyShield Insurance,1,04/01/2024 00:00,04/01/2025 00:00,Commercial Property Policy,Freddie Mac | Multi-Family,98133,WA,43969.11111,200000000,100000
LibertyShield Insurance,1,04/01/2024 00:00,04/01/2025 00:00,Commercial Property Policy,Freddie Mac | Multi-Family,99216,WA,43969.11111,200000000,100000
LifetimeGuard Insurance,1,28/04/2023 00:00,28/04/2024 00:00,General Commercial Package Policy,Freddie Mac | Multi-Family,11221,NY,5386,4150000,5000
MeridianSafe Insurance,1,04/10/2024 00:00,04/10/2025 00:00,Commercial Property Policy,Freddie Mac | Multi-Family,73045,OK,58623.19,9639000,50000
MeridianShield Insurance,1,21/05/2023 00:00,21/05/2024 00:00,Business Owners Package (BOP) Policy,Freddie Mac | Multi-Family,30337,GA,7661,1290000,15000
NationalSafe Insurance,1,30/06/2023 00:00,30/06/2024 00:00,Commercial Property Policy,Freddie Mac | Multi-Family,11249,NY,93217,800000000,10000
NationalSafe Insurance,1,31/03/2024 00:00,31/03/2025 00:00,Commercial Property Policy,Freddie Mac | Multi-Family,46075,IN,73249.09,29800000,10000
NationalSafe Insurance,1,31/03/2024 00:00,31/03/2025 00:00,Commercial Property Policy,Freddie Mac | Multi-Family,70458,LA,50876,19220000,10000
NexusGuard Insurance,1,22/01/2024 00:00,22/01/2025 00:00,Business Owners Package (BOP) Policy,Freddie Mac | Multi-Family,28557,NC,3629,3712984,2500
NexusSafe Insurance,1,07/01/2023 00:00,07/01/2024 00:00,General Commercial Package Policy,Freddie Mac | Multi-Family,89011,NV,56772.49,569853553,25000
NovaShield Insurance,1,27/10/2022 00:00,27/10/2023 00:00,Commercial Property Policy,Freddie Mac | Multi-Family,78752,TX,147648.66,2210000,25000
NovaShield Insurance,1,20/11/2023 00:00,20/11/2024 00:00,General Commercial Package Policy,Freddie Mac | Multi-Family | SBL,75206,TX,30430.07567,2350000,25000
NovaShield Insurance,1,06/07/2024 00:00,06/07/2025 00:00,Commercial Property Policy,Freddie Mac | Multi-Family,36695,AL,147648.66,6850000,50000
OmniShield Insurance,1,13/10/2023 00:00,13/10/2024 00:00,General Commercial Package Policy,Freddie Mac | Multi-Family,60628,IL,9913.88,2800000,10000
Pinnacle Protectors,1,24/03/2023 00:00,24/03/2024 00:00,Commercial Property Policy,Freddie Mac | Multi-Family,33021,FL,101425.8878,4000000,2500
PrestigeGuard Assurance,1,19/05/2023 00:00,19/05/2024 00:00,Commercial Property Policy,Freddie Mac | Multi-Family,33401,FL,101425.8878,75491891,50000
PrestigeGuard Assurance,1,30/09/2023 00:00,30/09/2024 00:00,General Commercial Package Policy,Freddie Mac | Multi-Family,6902,CT,30430.07567,73159440,25000
PrestigeGuard Insurance,1,09/04/2023 00:00,09/04/2024 00:00,General Commercial Package Policy,Freddie Mac | Multi-Family,14220,NY,64546.16,15273409,5000
PrimeGuard Insurance,1,10/05/2023 00:00,10/05/2024 00:00,General Commercial Package Policy,Freddie Mac | Multi-Family,7111,NJ,21919,5580000,5000
PrimeGuard Insurance,1,06/04/2024 00:00,06/04/2025 00:00,General Commercial Package Policy,Freddie Mac | Multi-Family,94102,CA,21919,55544854,50000
ProGuard Insurance,1,17/12/2023 00:00,17/12/2024 00:00,Commercial Property Policy,Freddie Mac | Multi-Family,2210,MA,23125.96,500000000,50000
ProSafe Assurance,1,01/01/2024 00:00,01/01/2025 00:00,Commercial Property Policy,Freddie Mac | Multi-Family,1880,MA,179427,60132155,25000
ProSafe Assurance,1,01/01/2024 00:00,01/01/2025 00:00,Commercial Property Policy,Freddie Mac | Multi-Family,44109,OH,48865,13605827,25000
ProSafe Assurance,1,01/01/2024 00:00,01/01/2025 00:00,Commercial Property Policy,Freddie Mac | Multi-Family,44127,OH,61477,17580188,25000
ProSafe Assurance,1,01/01/2024 00:00,01/01/2025 00:00,Commercial Property Policy,Freddie Mac | Multi-Family,22102,VA,96589.66667,99486468,25000
ProShield Insurance,1,06/05/2024 00:00,06/05/2025 00:00,General Commercial Package Policy,Freddie Mac | Multi-Family,28081,NC,21353,6139000,25000
QuantumGuard Insurance,1,20/10/2023 00:00,20/10/2024 00:00,Business Owners Package (BOP) Policy,Freddie Mac | Multi-Family,98201,WA,20023.82,7700000,25000
QuantumGuard Insurance,1,28/10/2023 00:00,28/10/2024 00:00,Business Owners Package (BOP) Policy,Freddie Mac | Multi-Family | SBL,98002,WA,16645.39,7250000,25000
QuantumGuard Insurance,1,28/10/2023 00:00,28/10/2024 00:00,General Commercial Package Policy,Freddie Mac | Multi-Family | Conventional,98498,WA,48665.51,32195276,25000
QuantumGuard Insurance,1,24/05/2024 00:00,24/05/2025 00:00,Business Owners Package (BOP) Policy,Freddie Mac | Multi-Family,84115,UT,13266.96,4371600,50000
RadiantGuard Assurance,1,28/07/2023 00:00,28/07/2024 00:00,General Commercial Package Policy,Freddie Mac | Multi-Family,70454,LA,13090.21,689980,1000
RadiantSafe Insurance,1,30/06/2023 00:00,30/06/2024 00:00,General Commercial Package Policy,Freddie Mac | Multi-Family,98133,WA,30430.07567,2336250,5000
ReliableGuard Assurance,1,10/01/2023 00:00,10/01/2024 00:00,General Commercial Package Policy,Freddie Mac | Multi-Family,20010,DC,157243.76,46092020,25000
ReliableGuard Insurance,1,04/01/2023 00:00,04/01/2024 00:00,General Commercial Package Policy,Freddie Mac | Multi-Family,64063,MO,30026,6965000,10000
ReliableSafe Assurance,1,12/04/2023 00:00,12/04/2024 00:00,Commercial Property Policy,Freddie Mac | Multi-Family,70062,LA,74807.87,3586497,10000
ReliableSafe Assurance,1,12/04/2023 00:00,12/04/2024 00:00,Commercial Property Policy,Freddie Mac | Multi-Family,70053,LA,74807.87,6671259,10000
ReliableSafe Assurance,1,15/05/2024 00:00,15/05/2025 00:00,Commercial Property Policy,Freddie Mac | Multi-Family,77388,TX,74807.87,17200000,25000
SecureLine Insurance,1,15/08/2022 00:00,15/08/2023 00:00,Commercial Property Policy,Freddie Mac | Multi-Family,77086,TX,69149.77,8028288,75000
SecureWay Insurance,1,19/08/2022 00:00,19/08/2023 00:00,General Commercial Package Policy,Freddie Mac | Multi-Family,11377,NY,8535.77,2100000,5000
SecureWay Insurance,1,21/11/2022 00:00,21/11/2023 00:00,General Commercial Package Policy,Freddie Mac | Multi-Family,75204,TX,11689,1881802,5000
SecureWay Insurance,1,10/07/2023 00:00,10/07/2024 00:00,General Commercial Package Policy,Freddie Mac | Multi-Family,11222,NY,12993,6435520,5000
Sentinel Assurance,1,03/12/2023 00:00,03/12/2024 00:00,Commercial Property Policy,Freddie Mac | Multi-Family,78223,TX,69523.4,8200000,25000
Sentinel Assurance,1,08/08/2024 00:00,15/12/2024 00:00,Commercial Property Policy,Freddie Mac | Multi-Family,77856,TX,48995.7,3128920,25000
Sentinel Assurance,1,04/01/2024 00:00,04/01/2025 00:00,Commercial Property Policy,Freddie Mac | Multi-Family,7712,NJ,28468,19800000,10000
SentinelGuard Insurance,1,05/01/2023 00:00,05/01/2024 00:00,Commercial Property Policy,Freddie Mac | Multi-Family,10566,NY,46883.22,27994472,5000
SentinelSafe Insurance,1,26/02/2024 00:00,26/02/2025 00:00,General Commercial Package Policy,Freddie Mac | Multi-Family,77040,TX,70422.1,5857011,25000
SkyGuard Assurance,1,04/01/2024 00:00,04/01/2025 00:00,General Commercial Package Policy,Freddie Mac | Multi-Family,11101,NY,80263.35,14500000,10000
SkySafe Assurance,1,07/01/2023 00:00,07/01/2024 00:00,General Commercial Package Policy,Freddie Mac | Multi-Family,78728,TX,75054,22031289,25000
SkyShield Insurance,1,04/01/2023 00:00,04/01/2024 00:00,Commercial Property Policy,Freddie Mac | Multi-Family,28314,NC,97121,26233200,75000
StarGuard Insurance,1,07/01/2023 00:00,07/01/2024 00:00,Commercial Property Policy,Freddie Mac | Multi-Family,6106,CT,101425.8878,4200000,10000
SummitSafe Assurance,1,14/07/2023 00:00,30/04/2024 00:00,Commercial Property Policy,Freddie Mac | Multi-Family,29841,SC,298014.12,50000000,250000
SummitSafe Assurance,1,20/09/2023 00:00,20/09/2024 00:00,Commercial Property Policy,Freddie Mac | Multi-Family,32819,FL,298014.12,85193000,25000
SummitSafe Assurance,1,31/03/2024 00:00,31/03/2025 00:00,Commercial Property Policy,Freddie Mac | Multi-Family,32801,FL,298014.12,91333375,25000
SummitSafe Assurance,1,31/05/2024 00:00,31/05/2025 00:00,Commercial Property Policy,Freddie Mac | Multi-Family,77051,TX,298014.12,125000000,100000
SummitSafe Insurance,2,12/10/2023 00:00,12/10/2024 00:00,Commercial Property Policy,Freddie Mac | Multi-Family,77004,TX,0,3000000,10000
SummitSafe Insurance,2,12/10/2023 00:00,12/10/2024 00:00,Commercial Property Policy,Freddie Mac | Multi-Family,77004,TX,0,10000000,10000
SummitSafe Insurance,1,12/10/2023 00:00,12/10/2024 00:00,Commercial Property Policy,Freddie Mac | Multi-Family,77004,TX,38621,3000000,10000
SummitSafe Insurance,1,12/10/2023 00:00,12/10/2024 00:00,Commercial Property Policy,Freddie Mac | Multi-Family,77004,TX,38621,10000000,10000
SummitSafe Insurance,2,12/10/2023 00:00,12/10/2024 00:00,Commercial Property Policy,Freddie Mac | Multi-Family,77004,TX,72588,3000000,10000
SummitSafe Insurance,2,12/10/2023 00:00,12/10/2024 00:00,Commercial Property Policy,Freddie Mac | Multi-Family,77004,TX,72588,10000000,10000
SummitShield Assurance,1,15/11/2023 00:00,15/11/2024 00:00,General Commercial Package Policy,Freddie Mac | Multi-Family,44311,OH,56564.66,192542052,10000
TerraGuard Insurance,1,11/10/2023 00:00,11/10/2024 00:00,General Commercial Package Policy,Freddie Mac | Multi-Family,10705,NY,9004,1800000,10000
TerraGuard Insurance,1,07/03/2024 00:00,07/03/2025 00:00,General Commercial Package Policy,Freddie Mac | Multi-Family,2911,RI,9004,1900000,2500
TerraSafe Insurance,1,13/02/2024 00:00,13/02/2025 00:00,General Commercial Package Policy,Freddie Mac | Multi-Family,90043,CA,9598,2235201,5000
TitanGuard Insurance,1,21/10/2021 00:00,21/10/2022 00:00,Commercial Property Policy,Freddie Mac | Multi-Family,77017,TX,44713.97,3650000,5000
TitanGuard Insurance,1,26/06/2023 00:00,26/06/2024 00:00,Commercial Property Policy,Freddie Mac | Multi-Family,10026,NY,47093.49,15000000,10000
TitanGuard Insurance,1,25/04/2024 00:00,25/04/2025 00:00,Commercial Property Policy,Freddie Mac | Multi-Family,29203,SC,45903.73,22432800,50000
TitanSafe Assurance,1,04/01/2024 00:00,04/01/2025 00:00,Commercial Property Policy,Freddie Mac | Multi-Family,19119,PA,13534.7,5000000,10000
TitanShield Insurance,1,25/10/2023 00:00,25/10/2024 00:00,General Commercial Package Policy,Freddie Mac | Multi-Family,10960,NY,16107,4000000,5000
TrueGuard Insurance,1,15/01/2023 00:00,15/01/2024 00:00,General Commercial Package Policy,Freddie Mac | Multi-Family,60640,IL,12081,8500000,10000
TrueNorth Insurance,1,18/06/2023 00:00,18/06/2024 00:00,Commercial Property Policy,Freddie Mac | Multi-Family,36695,AL,108356.38,11612340,100000
TrueSafe Insurance,1,11/10/2023 00:00,11/10/2024 00:00,General Commercial Package Policy,Freddie Mac | Multi-Family,81520,CO,12459.06,61637090,10000
TrueSafe Insurance,1,11/10/2023 00:00,11/10/2024 00:00,General Commercial Package Policy,Freddie Mac | Multi-Family,81520,CO,16719.34,61637090,10000
TrueSafe Insurance,1,11/10/2023 00:00,11/10/2024 00:00,General Commercial Package Policy,Freddie Mac | Multi-Family,81625,CO,20175.78,61637090,10000
TrueSafe Insurance,1,11/10/2023 00:00,11/10/2024 00:00,General Commercial Package Policy,Freddie Mac | Multi-Family,81625,CO,73245.52,61637090,10000
TrueSafe Insurance,1,11/10/2023 00:00,11/10/2024 00:00,General Commercial Package Policy,Freddie Mac | Multi-Family,50613,IA,17011.54,61637090,10000
TrueSafe Insurance,1,11/10/2023 00:00,11/10/2024 00:00,General Commercial Package Policy,Freddie Mac | Multi-Family,50622,IA,11080.59,61637090,10000
TrueSafe Insurance,1,11/10/2023 00:00,11/10/2024 00:00,General Commercial Package Policy,Freddie Mac | Multi-Family,52003,IA,20054.10414,61637090,10000
TrueSafe Insurance,1,11/10/2023 00:00,11/10/2024 00:00,General Commercial Package Policy,Freddie Mac | Multi-Family,52240,IA,18224.3,61637090,10000
TrueSafe Insurance,1,11/10/2023 00:00,11/10/2024 00:00,General Commercial Package Policy,Freddie Mac | Multi-Family,46947,IN,10362.18,61637090,10000
TrueSafe Insurance,1,11/10/2023 00:00,11/10/2024 00:00,General Commercial Package Policy,Freddie Mac | Multi-Family,49068,MI,12167.52,61637090,10000
TrueSafe Insurance,1,11/10/2023 00:00,11/10/2024 00:00,General Commercial Package Policy,Freddie Mac | Multi-Family,49415,MI,14354.87,61637090,10000
TrueSafe Insurance,1,11/10/2023 00:00,11/10/2024 00:00,General Commercial Package Policy,Freddie Mac | Multi-Family,68112,NE,16728.45,61637090,10000
TrueSafe Insurance,1,11/10/2023 00:00,11/10/2024 00:00,General Commercial Package Policy,Freddie Mac | Multi-Family,68122,NE,24959.66,61637090,10000
TrueSafe Insurance,1,11/10/2023 00:00,11/10/2024 00:00,General Commercial Package Policy,Freddie Mac | Multi-Family,68521,NE,33347.69,61637090,10000
TrueSafe Insurance,1,11/10/2023 00:00,11/10/2024 00:00,General Commercial Package Policy,Freddie Mac | Multi-Family,68601,NE,12648.59,61637090,10000
TrueSafe Insurance,1,11/10/2023 00:00,11/10/2024 00:00,General Commercial Package Policy,Freddie Mac | Multi-Family,68847,NE,32636.58,61637090,10000
TrueSafe Insurance,1,11/10/2023 00:00,11/10/2024 00:00,General Commercial Package Policy,Freddie Mac | Multi-Family,43044,OH,3839.59,61637090,10000
TrueSafe Insurance,1,11/10/2023 00:00,11/10/2024 00:00,General Commercial Package Policy,Freddie Mac | Multi-Family,43201,OH,20054.10414,61637090,10000
TrueSafe Insurance,1,11/10/2023 00:00,11/10/2024 00:00,General Commercial Package Policy,Freddie Mac | Multi-Family,45414,OH,63974.88,61637090,10000
TrueSafe Insurance,1,11/10/2023 00:00,11/10/2024 00:00,General Commercial Package Policy,Freddie Mac | Multi-Family,45431,OH,18659.64,61637090,10000
TrueSafe Insurance,1,11/10/2023 00:00,11/10/2024 00:00,General Commercial Package Policy,Freddie Mac | Multi-Family,15666,PA,12941.74,61637090,10000
TrueSafe Insurance,1,11/10/2023 00:00,11/10/2024 00:00,General Commercial Package Policy,Freddie Mac | Multi-Family,29483,SC,20054.10414,61637090,10000
TrueSafe Insurance,1,11/10/2023 00:00,11/10/2024 00:00,General Commercial Package Policy,Freddie Mac | Multi-Family,29651,SC,20054.10414,61637090,10000
TrueSafe Insurance,1,11/10/2023 00:00,11/10/2024 00:00,General Commercial Package Policy,Freddie Mac | Multi-Family,57201,SD,8324.56,61637090,10000
TrueSafe Insurance,1,11/10/2023 00:00,11/10/2024 00:00,General Commercial Package Policy,Freddie Mac | Multi-Family,57703,SD,29913.64,61637090,10000
TrueSafe Insurance,1,11/10/2023 00:00,11/10/2024 00:00,General Commercial Package Policy,Freddie Mac | Multi-Family,75702,TX,23222.67,61637090,10000
TrueSafe Insurance,1,11/10/2023 00:00,11/10/2024 00:00,General Commercial Package Policy,Freddie Mac | Multi-Family,76548,TX,29383.21,61637090,10000
TrueSafe Insurance,1,11/10/2023 00:00,11/10/2024 00:00,General Commercial Package Policy,Freddie Mac | Multi-Family,77657,TX,10653.87,61637090,10000
TrueSafe Insurance,1,11/10/2023 00:00,11/10/2024 00:00,General Commercial Package Policy,Freddie Mac | Multi-Family,77803,TX,5498.06,61637090,10000
TrueSafe Insurance,1,11/10/2023 00:00,11/10/2024 00:00,General Commercial Package Policy,Freddie Mac | Multi-Family,78039,TX,11748.3,61637090,10000
TrueSafe Insurance,1,11/10/2023 00:00,11/10/2024 00:00,General Commercial Package Policy,Freddie Mac | Multi-Family,78521,TX,21534.39,61637090,10000
TrueSafe Insurance,1,11/10/2023 00:00,11/10/2024 00:00,General Commercial Package Policy,Freddie Mac | Multi-Family,53959,WI,20054.10414,61637090,10000
TrueSafe Insurance,1,11/10/2023 00:00,11/10/2024 00:00,General Commercial Package Policy,Freddie Mac | Multi-Family,54729,WI,20054.10414,61637090,10000
TrueSafe Insurance,1,11/10/2023 00:00,11/10/2024 00:00,General Commercial Package Policy,Freddie Mac | Multi-Family,82007,WY,7751.56,61637090,10000
TrueSafe Insurance,1,11/10/2023 00:00,11/10/2024 00:00,General Commercial Package Policy,Freddie Mac | Multi-Family,82007,WY,8001.24,61637090,10000
UnitySafe Insurance,1,19/06/2024 00:00,19/06/2025 00:00,Commercial Property Policy,Freddie Mac | Multi-Family,7712,NJ,42612,10300000,10000
UnityShield Insurance,1,06/11/2022 00:00,06/11/2023 00:00,General Commercial Package Policy,Freddie Mac | Multi-Family,45431,OH,14023,3630948,10000
UnityShield Insurance,1,06/11/2022 00:00,06/11/2023 00:00,General Commercial Package Policy,Freddie Mac | Multi-Family,45431,OH,14023,3630948,25000
UnityShield Insurance,1,06/11/2022 00:00,06/11/2023 00:00,General Commercial Package Policy,Freddie Mac | Multi-Family,45431,OH,14023,3921420,10000
UnityShield Insurance,1,06/11/2022 00:00,06/11/2023 00:00,General Commercial Package Policy,Freddie Mac | Multi-Family,45431,OH,14023,3921420,25000
UnityShield Insurance,1,06/11/2023 00:00,06/11/2024 00:00,General Commercial Package Policy,Freddie Mac | Multi-Family,45431,OH,15490,3630948,10000
UnityShield Insurance,1,06/11/2023 00:00,06/11/2024 00:00,General Commercial Package Policy,Freddie Mac | Multi-Family,45431,OH,15490,3630948,25000
UnityShield Insurance,1,06/11/2023 00:00,06/11/2024 00:00,General Commercial Package Policy,Freddie Mac | Multi-Family,45431,OH,15490,3921420,10000
UnityShield Insurance,1,06/11/2023 00:00,06/11/2024 00:00,General Commercial Package Policy,Freddie Mac | Multi-Family,45431,OH,15490,3921420,25000
UnityShield Insurance,1,24/12/2023 00:00,24/12/2024 00:00,General Commercial Package Policy,Freddie Mac | Multi-Family,44446,OH,75323,22269624,50000
UnityTrust Insurance,1,29/05/2023 00:00,29/05/2024 00:00,Business Owners Package (BOP) Policy,Freddie Mac | Multi-Family,12206,NY,34766.93,10333000,5000
UnityTrust Insurance,1,11/08/2023 00:00,11/08/2024 00:00,General Commercial Package Policy,Freddie Mac | Multi-Family,11226,NY,8408,4100000,5000
UnityTrust Insurance,1,13/10/2023 00:00,13/10/2024 00:00,General Commercial Package Policy,Freddie Mac | Multi-Family,10960,NY,11954.35,2800000,5000
UnityTrust Insurance,1,27/10/2023 00:00,27/10/2024 00:00,General Commercial Package Policy,Freddie Mac | Multi-Family,11203,NY,46646.15,2265303,5000
UnityTrust Insurance,1,27/10/2023 00:00,27/10/2024 00:00,General Commercial Package Policy,Freddie Mac | Multi-Family,11203,NY,46646.15,2265303,10000
UnityTrust Insurance,1,27/10/2023 00:00,27/10/2024 00:00,General Commercial Package Policy,Freddie Mac | Multi-Family,11203,NY,46646.15,9614384,5000
UnityTrust Insurance,1,27/10/2023 00:00,27/10/2024 00:00,General Commercial Package Policy,Freddie Mac | Multi-Family,11203,NY,46646.15,9614384,10000
UnityTrust Insurance,1,04/01/2024 00:00,04/01/2025 00:00,General Commercial Package Policy,Freddie Mac | Multi-Family,11203,NY,46646.15,2265303,5000
UnityTrust Insurance,1,04/01/2024 00:00,04/01/2025 00:00,General Commercial Package Policy,Freddie Mac | Multi-Family,11203,NY,46646.15,2265303,10000
UnityTrust Insurance,1,04/01/2024 00:00,04/01/2025 00:00,General Commercial Package Policy,Freddie Mac | Multi-Family,11203,NY,46646.15,9614384,5000
UnityTrust Insurance,1,04/01/2024 00:00,04/01/2025 00:00,General Commercial Package Policy,Freddie Mac | Multi-Family,11203,NY,46646.15,9614384,10000
UnityTrust Insurance,1,27/10/2023 00:00,27/10/2024 00:00,General Commercial Package Policy,Freddie Mac | Multi-Family,11212,NY,46646.15,2647756,5000
UnityTrust Insurance,1,30/10/2023 00:00,30/10/2024 00:00,Commercial Property Policy,Freddie Mac | Multi-Family,10467,NY,16542.15,6880000,5000
UnityTrust Insurance,1,15/12/2023 00:00,15/12/2024 00:00,Commercial Property Policy,Freddie Mac | Multi-Family,10460,NY,4569.21,5823572,5000
UnityTrust Insurance,1,30/03/2024 00:00,30/03/2025 00:00,General Commercial Package Policy,Freddie Mac | Multi-Family,11211,NY,8029.25,1236000,10000
UnityTrust Insurance,1,20/05/2024 00:00,20/05/2025 00:00,General Commercial Package Policy,Freddie Mac | Multi-Family,77388,TX,158193,18500000,25000
ValorGuard Insurance,1,01/11/2023 00:00,01/11/2024 00:00,General Commercial Package Policy,Freddie Mac | Multi-Family,6902,CT,121443,31000000,25000
Vanguard Assurance,1,17/11/2022 00:00,17/11/2023 00:00,General Commercial Package Policy,Freddie Mac | Multi-Family,45385,OH,15837,7150000,25000
VanguardSafe Insurance,1,30/09/2023 00:00,30/09/2024 00:00,Business Owners Package (BOP) Policy,Freddie Mac | Multi-Family,29681,SC,93893,30823940,10000
VanguardSafe Insurance,1,28/02/2024 00:00,28/02/2025 00:00,General Commercial Package Policy,Freddie Mac | Multi-Family,27704,NC,105895,242679781,25000
VanguardShield Insurance,1,15/12/2023 00:00,15/12/2024 00:00,General Commercial Package Policy,Freddie Mac | Multi-Family,63026,MO,54003.88,100000,5000
VanguardShield Insurance,1,15/12/2023 00:00,15/12/2024 00:00,General Commercial Package Policy,Freddie Mac | Multi-Family,54901,WI,22759.08226,80000,5000
VanguardShield Insurance,1,15/12/2023 00:00,15/12/2024 00:00,General Commercial Package Policy,Freddie Mac | Multi-Family,54929,WI,22759.08226,80000,5000
VanguardShield Insurance,1,27/12/2023 00:00,27/12/2024 00:00,General Commercial Package Policy,Freddie Mac | Multi-Family,83704,ID,7641.8,96400,5000
VanguardShield Insurance,1,27/12/2023 00:00,27/12/2024 00:00,General Commercial Package Policy,Freddie Mac | Multi-Family,83338,ID,9216.45,316000,5000
VanguardShield Insurance,1,27/12/2023 00:00,27/12/2024 00:00,General Commercial Package Policy,Freddie Mac | Multi-Family,61348,IL,7936.29,115000,5000
VanguardShield Insurance,1,27/12/2023 00:00,27/12/2024 00:00,General Commercial Package Policy,Freddie Mac | Multi-Family,62239,IL,13483.57,305000,5000
VanguardShield Insurance,1,27/12/2023 00:00,27/12/2024 00:00,General Commercial Package Policy,Freddie Mac | Multi-Family,61550,IL,115028.4,1542900,5000
VanguardShield Insurance,1,27/12/2023 00:00,27/12/2024 00:00,General Commercial Package Policy,Freddie Mac | Multi-Family,61764,IL,41671.78,2070000,5000
VanguardShield Insurance,1,27/12/2023 00:00,27/12/2024 00:00,General Commercial Package Policy,Freddie Mac | Multi-Family,46016,IN,6631.45,40000,5000
VanguardShield Insurance,1,27/12/2023 00:00,27/12/2024 00:00,General Commercial Package Policy,Freddie Mac | Multi-Family,46013,IN,11494,100000,5000
VanguardShield Insurance,1,27/12/2023 00:00,27/12/2024 00:00,General Commercial Package Policy,Freddie Mac | Multi-Family,46563,IN,5657.88,240000,5000
VanguardShield Insurance,1,27/12/2023 00:00,27/12/2024 00:00,General Commercial Package Policy,Freddie Mac | Multi-Family,41041,KY,9725.37,160000,5000
VanguardShield Insurance,1,27/12/2023 00:00,27/12/2024 00:00,General Commercial Package Policy,Freddie Mac | Multi-Family,48801,MI,7403.92,196512,5000
VanguardShield Insurance,1,27/12/2023 00:00,27/12/2024 00:00,General Commercial Package Policy,Freddie Mac | Multi-Family,49783,MI,24047.43,276000,5000
VanguardShield Insurance,1,27/12/2023 00:00,27/12/2024 00:00,General Commercial Package Policy,Freddie Mac | Multi-Family,55388,MN,19514.64,480610,5000
VanguardShield Insurance,1,27/12/2023 00:00,27/12/2024 00:00,General Commercial Package Policy,Freddie Mac | Multi-Family,56011,MN,18764.74,1272160,5000
VanguardShield Insurance,1,27/12/2023 00:00,27/12/2024 00:00,General Commercial Package Policy,Freddie Mac | Multi-Family,63010,MO,34738,785000,5000
VanguardShield Insurance,1,27/12/2023 00:00,27/12/2024 00:00,General Commercial Package Policy,Freddie Mac | Multi-Family,88345,NM,13998.57,130000,5000
VanguardShield Insurance,1,27/12/2023 00:00,27/12/2024 00:00,General Commercial Package Policy,Freddie Mac | Multi-Family,87020,NM,12373.55,240000,5000
VanguardShield Insurance,1,27/12/2023 00:00,27/12/2024 00:00,General Commercial Package Policy,Freddie Mac | Multi-Family,87301,NM,34685.08,250000,5000
VanguardShield Insurance,1,27/12/2023 00:00,27/12/2024 00:00,General Commercial Package Policy,Freddie Mac | Multi-Family,87401,NM,41213.75,788240,5000
VanguardShield Insurance,1,27/12/2023 00:00,27/12/2024 00:00,General Commercial Package Policy,Freddie Mac | Multi-Family,87123,NM,14213.07,981800,5000
VanguardShield Insurance,1,27/12/2023 00:00,27/12/2024 00:00,General Commercial Package Policy,Freddie Mac | Multi-Family,77502,TX,20334.14,37000,5000
VanguardShield Insurance,1,27/12/2023 00:00,27/12/2024 00:00,General Commercial Package Policy,Freddie Mac | Multi-Family,77511,TX,67761.19,192000,5000
VanguardShield Insurance,1,27/12/2023 00:00,27/12/2024 00:00,General Commercial Package Policy,Freddie Mac | Multi-Family,76053,TX,18442.56,470000,5000
VanguardShield Insurance,1,27/12/2023 00:00,27/12/2024 00:00,General Commercial Package Policy,Freddie Mac | Multi-Family,75180,TX,25148.41,963400,5000
VanguardShield Insurance,1,27/12/2023 00:00,27/12/2024 00:00,General Commercial Package Policy,Freddie Mac | Multi-Family,24540,VA,8288.61,346000,5000
VanguardShield Insurance,1,27/12/2023 00:00,27/12/2024 00:00,General Commercial Package Policy,Freddie Mac | Multi-Family,54126,WI,22759.08226,20000,5000
VanguardShield Insurance,1,27/12/2023 00:00,27/12/2024 00:00,General Commercial Package Policy,Freddie Mac | Multi-Family,54129,WI,22759.08226,80000,5000
VanguardShield Insurance,1,27/12/2023 00:00,27/12/2024 00:00,General Commercial Package Policy,Freddie Mac | Multi-Family,53536,WI,7509.56,101600,5000
VanguardShield Insurance,1,27/12/2023 00:00,27/12/2024 00:00,General Commercial Package Policy,Freddie Mac | Multi-Family,54154,WI,5318.51,170000,5000
VanguardShield Insurance,1,27/12/2023 00:00,27/12/2024 00:00,General Commercial Package Policy,Freddie Mac | Multi-Family,54703,WI,7194.18,270000,5000
VanguardShield Insurance,1,27/12/2023 00:00,27/12/2024 00:00,General Commercial Package Policy,Freddie Mac | Multi-Family,54904,WI,22759.08226,360000,5000
VanguardShield Insurance,1,27/12/2023 00:00,27/12/2024 00:00,General Commercial Package Policy,Freddie Mac | Multi-Family,54476,WI,29778.26,520000,5000
VanguardShield Insurance,1,27/12/2023 00:00,27/12/2024 00:00,General Commercial Package Policy,Freddie Mac | Multi-Family,54082,WI,12312.51,1175400,5000
VanguardShield Insurance,2,14/02/2024 00:00,14/02/2025 00:00,Commercial Property Policy,Freddie Mac | Multi-Family,90057,CA,101425.8878,631732,5000
VanguardShield Insurance,2,14/02/2024 00:00,14/02/2025 00:00,Commercial Property Policy,Freddie Mac | Multi-Family,90057,CA,101425.8878,918320,5000
VanguardShield Insurance,1,04/09/2024 00:00,04/09/2025 00:00,Business Owners Package (BOP) Policy,Freddie Mac | Multi-Family,85013,AZ,4955.67,1472074,5000
VitalGuard Assurance,1,04/01/2024 00:00,04/01/2025 00:00,Commercial Property Policy,Freddie Mac | Multi-Family,77351,TX,35495.89,10000000,25000
VitalGuard Insurance,1,14/02/2023 00:00,14/02/2024 00:00,Commercial Property Policy,Freddie Mac | Multi-Family,27106,NC,17153,3201000,25000
VitalGuard Insurance,1,14/02/2023 00:00,14/02/2024 00:00,Commercial Property Policy,Freddie Mac | Multi-Family,27106,NC,17153,3201000,5000
VitalGuard Insurance,1,14/02/2023 00:00,14/02/2024 00:00,Commercial Property Policy,Freddie Mac | Multi-Family,27106,NC,17153,2804200,25000
VitalGuard Insurance,1,14/02/2023 00:00,14/02/2024 00:00,Commercial Property Policy,Freddie Mac | Multi-Family,27106,NC,17153,2804200,5000
VitalGuard Insurance,1,14/02/2023 00:00,14/02/2024 00:00,Commercial Property Policy,Freddie Mac | Multi-Family,27106,NC,17153,5268000,25000
VitalGuard Insurance,1,14/02/2023 00:00,14/02/2024 00:00,Commercial Property Policy,Freddie Mac | Multi-Family,27106,NC,17153,5268000,5000
VitalGuard Insurance,1,14/02/2023 00:00,14/02/2024 00:00,Commercial Property Policy,Freddie Mac | Multi-Family,27106,NC,17153,5414500,25000
VitalGuard Insurance,1,14/02/2023 00:00,14/02/2024 00:00,Commercial Property Policy,Freddie Mac | Multi-Family,27106,NC,17153,5414500,5000
VitalGuard Insurance,2,14/02/2024 00:00,14/02/2025 00:00,Commercial Property Policy,Freddie Mac | Multi-Family,27106,NC,17153,3201000,25000
VitalGuard Insurance,2,14/02/2024 00:00,14/02/2025 00:00,Commercial Property Policy,Freddie Mac | Multi-Family,27106,NC,17153,3201000,5000
VitalGuard Insurance,2,14/02/2024 00:00,14/02/2025 00:00,Commercial Property Policy,Freddie Mac | Multi-Family,27106,NC,17153,2804200,25000
VitalGuard Insurance,2,14/02/2024 00:00,14/02/2025 00:00,Commercial Property Policy,Freddie Mac | Multi-Family,27106,NC,17153,2804200,5000
VitalGuard Insurance,2,14/02/2024 00:00,14/02/2025 00:00,Commercial Property Policy,Freddie Mac | Multi-Family,27106,NC,17153,5268000,25000
VitalGuard Insurance,2,14/02/2024 00:00,14/02/2025 00:00,Commercial Property Policy,Freddie Mac | Multi-Family,27106,NC,17153,5268000,5000
VitalGuard Insurance,2,14/02/2024 00:00,14/02/2025 00:00,Commercial Property Policy,Freddie Mac | Multi-Family,27106,NC,17153,5414500,25000
VitalGuard Insurance,2,14/02/2024 00:00,14/02/2025 00:00,Commercial Property Policy,Freddie Mac | Multi-Family,27106,NC,17153,5414500,5000
VitalGuard Insurance,1,14/02/2024 00:00,14/02/2025 00:00,Commercial Property Policy,Freddie Mac | Multi-Family,27106,NC,22870,3201000,25000
VitalGuard Insurance,1,14/02/2024 00:00,14/02/2025 00:00,Commercial Property Policy,Freddie Mac | Multi-Family,27106,NC,22870,3201000,5000
VitalGuard Insurance,1,14/02/2024 00:00,14/02/2025 00:00,Commercial Property Policy,Freddie Mac | Multi-Family,27106,NC,22870,2804200,25000
VitalGuard Insurance,1,14/02/2024 00:00,14/02/2025 00:00,Commercial Property Policy,Freddie Mac | Multi-Family,27106,NC,22870,2804200,5000
VitalGuard Insurance,1,14/02/2024 00:00,14/02/2025 00:00,Commercial Property Policy,Freddie Mac | Multi-Family,27106,NC,22870,5268000,25000
VitalGuard Insurance,1,14/02/2024 00:00,14/02/2025 00:00,Commercial Property Policy,Freddie Mac | Multi-Family,27106,NC,22870,5268000,5000
VitalGuard Insurance,1,14/02/2024 00:00,14/02/2025 00:00,Commercial Property Policy,Freddie Mac | Multi-Family,27106,NC,22870,5414500,25000
VitalGuard Insurance,1,14/02/2024 00:00,14/02/2025 00:00,Commercial Property Policy,Freddie Mac | Multi-Family,27106,NC,22870,5414500,5000
VitalSafe Insurance,1,20/06/2023 00:00,20/06/2024 00:00,Commercial Property Policy,Freddie Mac | Multi-Family,98660,WA,152309,500000000,25000
Zenith Assurance,1,15/04/2024 00:00,15/04/2025 00:00,General Commercial Package Policy,Freddie Mac | Multi-Family,10701,NY,6600,1050028,25000
Zenith Assurance,1,15/04/2024 00:00,15/04/2025 00:00,General Commercial Package Policy,Freddie Mac | Multi-Family,10701,NY,6600,1550000,25000
Zenith Assurance,1,15/04/2024 00:00,15/04/2025 00:00,General Commercial Package Policy,Freddie Mac | Multi-Family,10701,NY,6600,1610000,25000
Zenith Assurance,1,15/04/2024 00:00,15/04/2025 00:00,General Commercial Package Policy,Freddie Mac | Multi-Family,10701,NY,8100,1050028,25000
Zenith Assurance,1,15/04/2024 00:00,15/04/2025 00:00,General Commercial Package Policy,Freddie Mac | Multi-Family,10701,NY,8100,1550000,25000
Zenith Assurance,1,15/04/2024 00:00,15/04/2025 00:00,General Commercial Package Policy,Freddie Mac | Multi-Family,10701,NY,8100,1610000,25000
Zenith Assurance,1,15/04/2024 00:00,15/04/2025 00:00,General Commercial Package Policy,Freddie Mac | Multi-Family,10701,NY,8600,1050028,25000
Zenith Assurance,1,15/04/2024 00:00,15/04/2025 00:00,General Commercial Package Policy,Freddie Mac | Multi-Family,10701,NY,8600,1550000,25000
Zenith Assurance,1,15/04/2024 00:00,15/04/2025 00:00,General Commercial Package Policy,Freddie Mac | Multi-Family,10701,NY,8600,1610000,25000
Zenith Shield Insurance,1,22/07/2023 00:00,22/07/2024 00:00,General Commercial Package Policy,Freddie Mac | Multi-Family,93726,CA,25260,15859449,50000
Zenith Shield Insurance,1,22/07/2023 00:00,22/07/2024 00:00,General Commercial Package Policy,Freddie Mac | Multi-Family,93726,CA,42518.78,15859449,50000
Zenith Shield Insurance,1,22/09/2023 00:00,22/09/2024 00:00,General Commercial Package Policy,Freddie Mac | Multi-Family,93710,CA,22678,9880133,25000
Zenith Shield Insurance,1,15/12/2023 00:00,15/12/2024 00:00,General Commercial Package Policy,Freddie Mac | Multi-Family,92021,CA,29607,7321925,5000
Zenith Shield Insurance,1,07/01/2024 00:00,07/01/2025 00:00,General Commercial Package Policy,Freddie Mac | Multi-Family,90057,CA,26293.7,4119705,10000
ZenithGuard Assurance,1,31/05/2024 00:00,31/05/2025 00:00,Commercial Property Policy,Freddie Mac | Multi-Family,55316,MN,47034,150000000,25000
ZenithGuard Assurance,1,31/05/2024 00:00,31/05/2025 00:00,Commercial Property Policy,Freddie Mac | Multi-Family,55316,MN,47759.49,150000000,25000
ZenithGuard Insurance,1,12/01/2023 00:00,12/01/2024 00:00,General Commercial Package Policy,Freddie Mac | Multi-Family,60048,IL,30430.07567,1601600,2500
